Model 1,Model 2,Metric,N,Wilcoxon W,Raw p-value,Holm adjusted p
af2,rf2,native_contract,7624,7254789.0,0.0,0.0
af2,esm,native_contract,7624,9329803.5,1.9523808547046004e-161,7.809523418818402e-161
af2,omf,native_contract,7624,13324535.5,3.190496665755574e-10,3.190496665755574e-10
af2,dmp,native_contract,7624,1861529.5,0.0,0.0
rf2,esm,native_contract,7624,12736114.5,8.688768008900685e-21,1.737753601780137e-20
rf2,omf,native_contract,7624,8392932.5,5.4853290620673595e-224,2.7426645310336797e-223
rf2,dmp,native_contract,7624,3590531.5,0.0,0.0
esm,omf,native_contract,7624,9852301.0,4.997600670858868e-131,1.4992802012576603e-130
esm,dmp,native_contract,7624,2246938.5,0.0,0.0
omf,dmp,native_contract,7624,2533515.0,0.0,0.0
