serial,pdb_file,error-message
224,1HD9.pdb,|rdpdb___303E> No atoms were read from the specified input PDB file, since the starting residue number and/or chain id in MODEL_SEGMENT (or the alignment file header) was not found; requested starting position: residue number " 1", chain " A"; atom file name:  ./template.pdb|
245,1HTH.pdb,read_te_291E> Sequence difference between alignment and  pdb :
721,2BC7.pdb,|read_al_375E> Unknown residue type,position,sequence:  U        2        1|
722,2BC8.pdb,|read_al_375E> Unknown residue type,position,sequence:  U        2        1|
894,2FBU.pdb,|rdpdb___303E> No atoms were read from the specified input PDB file, since the starting residue number and/or chain id in MODEL_SEGMENT (or the alignment file header) was not found; requested starting position: residue number " 1", chain " A"; atom file name:  ./template.pdb|
895,2FCG.pdb,|rdpdb___303E> No atoms were read from the specified input PDB file, since the starting residue number and/or chain id in MODEL_SEGMENT (or the alignment file header) was not found; requested starting position: residue number " 13", chain " A"; atom file name:  ./template.pdb|
1002,2K58.pdb,|rdpdb___303E> No atoms were read from the specified input PDB file, since the starting residue number and/or chain id in MODEL_SEGMENT (or the alignment file header) was not found; requested starting position: residue number " 1", chain " A"; atom file name:  ./template.pdb|
1003,2K59.pdb,|rdpdb___303E> No atoms were read from the specified input PDB file, since the starting residue number and/or chain id in MODEL_SEGMENT (or the alignment file header) was not found; requested starting position: residue number " 1", chain " A"; atom file name:  ./template.pdb|
1011,2K8J.pdb,|rdpdb___303E> No atoms were read from the specified input PDB file, since the starting residue number and/or chain id in MODEL_SEGMENT (or the alignment file header) was not found; requested starting position: residue number " 1", chain " A"; atom file name:  ./template.pdb|
1022,2KDR.pdb,|rdpdb___303E> No atoms were read from the specified input PDB file, since the starting residue number and/or chain id in MODEL_SEGMENT (or the alignment file header) was not found; requested starting position: residue number " 1", chain " A"; atom file name:  ./template.pdb|
1119,2L96.pdb,|rdpdb___303E> No atoms were read from the specified input PDB file, since the starting residue number and/or chain id in MODEL_SEGMENT (or the alignment file header) was not found; requested starting position: residue number " 1", chain " A"; atom file name:  ./template.pdb|
1120,2L99.pdb,|rdpdb___303E> No atoms were read from the specified input PDB file, since the starting residue number and/or chain id in MODEL_SEGMENT (or the alignment file header) was not found; requested starting position: residue number " 1", chain " A"; atom file name:  ./template.pdb|
1121,2L9A.pdb,|rdpdb___303E> No atoms were read from the specified input PDB file, since the starting residue number and/or chain id in MODEL_SEGMENT (or the alignment file header) was not found; requested starting position: residue number " 1", chain " A"; atom file name:  ./template.pdb|
1199,2LU6.pdb,|rdpdb___303E> No atoms were read from the specified input PDB file, since the starting residue number and/or chain id in MODEL_SEGMENT (or the alignment file header) was not found; requested starting position: residue number " 1", chain " A"; atom file name:  ./template.pdb|
1425,2N07.pdb,|rdpdb___303E> No atoms were read from the specified input PDB file, since the starting residue number and/or chain id in MODEL_SEGMENT (or the alignment file header) was not found; requested starting position: residue number " 1", chain " A"; atom file name:  ./template.pdb|
1524,2NY8.pdb,|rdpdb___303E> No atoms were read from the specified input PDB file, since the starting residue number and/or chain id in MODEL_SEGMENT (or the alignment file header) was not found; requested starting position: residue number " 1", chain " A"; atom file name:  ./template.pdb|
1525,2NY9.pdb,|rdpdb___303E> No atoms were read from the specified input PDB file, since the starting residue number and/or chain id in MODEL_SEGMENT (or the alignment file header) was not found; requested starting position: residue number " 1", chain " A"; atom file name:  ./template.pdb|
1531,2ODC.pdb,|rdpdb___303E> No atoms were read from the specified input PDB file, since the starting residue number and/or chain id in MODEL_SEGMENT (or the alignment file header) was not found; requested starting position: residue number " 1", chain " A"; atom file name:  ./template.pdb|
1556,2RME.pdb,read_te_291E> Sequence difference between alignment and  pdb :
1560,2RMI.pdb,read_te_291E> Sequence difference between alignment and  pdb :
1569,2RPW.pdb,|rdpdb___303E> No atoms were read from the specified input PDB file, since the starting residue number and/or chain id in MODEL_SEGMENT (or the alignment file header) was not found; requested starting position: residue number " 1", chain " A"; atom file name:  ./template.pdb|
1657,4B1Q.pdb,|rdpdb___303E> No atoms were read from the specified input PDB file, since the starting residue number and/or chain id in MODEL_SEGMENT (or the alignment file header) was not found; requested starting position: residue number " 1", chain " A"; atom file name:  ./template.pdb|
1670,5GIW.pdb,|rdpdb___303E> No atoms were read from the specified input PDB file, since the starting residue number and/or chain id in MODEL_SEGMENT (or the alignment file header) was not found; requested starting position: residue number " 1", chain " A"; atom file name:  ./template.pdb|
1820,6CGW.pdb,read_te_291E> Sequence difference between alignment and  pdb :
1822,6CHC.pdb,read_te_291E> Sequence difference between alignment and  pdb :
1823,6CIV.pdb,|rdpdb___303E> No atoms were read from the specified input PDB file, since the starting residue number and/or chain id in MODEL_SEGMENT (or the alignment file header) was not found; requested starting position: residue number " 139", chain " A"; atom file name:  ./template.pdb|
1824,6CIX.pdb,|rdpdb___303E> No atoms were read from the specified input PDB file, since the starting residue number and/or chain id in MODEL_SEGMENT (or the alignment file header) was not found; requested starting position: residue number " 139", chain " A"; atom file name:  ./template.pdb|
1862,6EE9.pdb,|rdpdb___303E> No atoms were read from the specified input PDB file, since the starting residue number and/or chain id in MODEL_SEGMENT (or the alignment file header) was not found; requested starting position: residue number " 1", chain " A"; atom file name:  ./template.pdb|
1875,6GGZ.pdb,|rdpdb___303E> No atoms were read from the specified input PDB file, since the starting residue number and/or chain id in MODEL_SEGMENT (or the alignment file header) was not found; requested starting position: residue number " 2", chain " A"; atom file name:  ./template.pdb|
1921,6O8P.pdb,|rdpdb___303E> No atoms were read from the specified input PDB file, since the starting residue number and/or chain id in MODEL_SEGMENT (or the alignment file header) was not found; requested starting position: residue number " 1", chain " A"; atom file name:  ./template.pdb|
1922,6O8R.pdb,|rdpdb___303E> No atoms were read from the specified input PDB file, since the starting residue number and/or chain id in MODEL_SEGMENT (or the alignment file header) was not found; requested starting position: residue number " 1", chain " A"; atom file name:  ./template.pdb|
1923,6O8S.pdb,|rdpdb___303E> No atoms were read from the specified input PDB file, since the starting residue number and/or chain id in MODEL_SEGMENT (or the alignment file header) was not found; requested starting position: residue number " 1", chain " A"; atom file name:  ./template.pdb|
1924,6O8T.pdb,|rdpdb___303E> No atoms were read from the specified input PDB file, since the starting residue number and/or chain id in MODEL_SEGMENT (or the alignment file header) was not found; requested starting position: residue number " 1", chain " A"; atom file name:  ./template.pdb|
1938,6PMG.pdb,|rdpdb___303E> No atoms were read from the specified input PDB file, since the starting residue number and/or chain id in MODEL_SEGMENT (or the alignment file header) was not found; requested starting position: residue number " 312", chain " A"; atom file name:  ./template.pdb|
2092,7OVZ.pdb,|rdpdb___303E> No atoms were read from the specified input PDB file, since the starting residue number and/or chain id in MODEL_SEGMENT (or the alignment file header) was not found; requested starting position: residue number " 1", chain " A"; atom file name:  ./template.pdb|
2152,7ZBS.pdb,|rdpdb___303E> No atoms were read from the specified input PDB file, since the starting residue number and/or chain id in MODEL_SEGMENT (or the alignment file header) was not found; requested starting position: residue number " 1", chain " A"; atom file name:  ./template.pdb|
2173,8CJP.pdb,|rdpdb___303E> No atoms were read from the specified input PDB file, since the starting residue number and/or chain id in MODEL_SEGMENT (or the alignment file header) was not found; requested starting position: residue number " 1", chain " A"; atom file name:  ./template.pdb|
2174,8CJQ.pdb,|rdpdb___303E> No atoms were read from the specified input PDB file, since the starting residue number and/or chain id in MODEL_SEGMENT (or the alignment file header) was not found; requested starting position: residue number " 1", chain " A"; atom file name:  ./template.pdb|
2175,8CJR.pdb,|rdpdb___303E> No atoms were read from the specified input PDB file, since the starting residue number and/or chain id in MODEL_SEGMENT (or the alignment file header) was not found; requested starting position: residue number " 1", chain " A"; atom file name:  ./template.pdb|
2176,8CJS.pdb,|rdpdb___303E> No atoms were read from the specified input PDB file, since the starting residue number and/or chain id in MODEL_SEGMENT (or the alignment file header) was not found; requested starting position: residue number " 1", chain " A"; atom file name:  ./template.pdb|
2209,8OSQ.pdb,read_te_291E> Sequence difference between alignment and  pdb :
2211,8Q7J.pdb,|rdpdb___303E> No atoms were read from the specified input PDB file, since the starting residue number and/or chain id in MODEL_SEGMENT (or the alignment file header) was not found; requested starting position: residue number " 5", chain " A"; atom file name:  ./template.pdb|
2212,8QAQ.pdb,|rdpdb___303E> No atoms were read from the specified input PDB file, since the starting residue number and/or chain id in MODEL_SEGMENT (or the alignment file header) was not found; requested starting position: residue number " 1", chain " A"; atom file name:  ./template.pdb|
2213,8QAS.pdb,|rdpdb___303E> No atoms were read from the specified input PDB file, since the starting residue number and/or chain id in MODEL_SEGMENT (or the alignment file header) was not found; requested starting position: residue number " 1", chain " A"; atom file name:  ./template.pdb|
2214,8QBP.pdb,|rdpdb___303E> No atoms were read from the specified input PDB file, since the starting residue number and/or chain id in MODEL_SEGMENT (or the alignment file header) was not found; requested starting position: residue number " 1", chain " A"; atom file name:  ./template.pdb|
